id_artist,album_name
1,OK Computer
1,Kid A
1,The Bends
1,A Moon Shaped Pool
1,Amnesiac
1,Hail to the Thief
2,Wish You Were Here
2,The Dark Side of the Moon
2,Animals
2,Meddle
2,The Piper at the Gates of Dawn
2,Atom Heart Mother
3,In the Court of the Crimson King
3,Larks&#39; Tongues in Aspic
3,The Nightwatch: Live at the Amsterdam Concertgebouw November 23rd 1973
3,Discipline
3,Live in Toronto
3,Starless and Bible Black
4,To Pimp a Butterfly
4,"good kid, m.A.A.d city"
4,Untitled Unmastered.
4,Section.80
5,Loveless
5,Isn&#39;t Anything
6,Abbey Road
6,Sgt. Pepper&#39;s Lonely Hearts Club Band
6,Magical Mystery Tour
6,Anthology 2
6,Let It Be... Naked
6,Anthology 3
6,Love
6,A Hard Day&#39;s Night
7,Madvillainy
7,Madvillainy Instrumentals
8,Paranoid
8,Master of Reality
8,Sabbath Bloody Sabbath
8,Black Sabbath Vol. 4
8,Past Lives
8,Heaven and Hell
8,Sabotage
8,Reunion
9,Pet Sounds
9,Sunflower
9,The Beach Boys Today!
10,Illmatic
11,In the Aeroplane Over the Sea
12,Enter the Wu-Tang (36 Chambers)
13,Pink Moon
13,Bryter Layter
14,Spiderland
15,Unknown Pleasures
15,Les Bains Douches 18 December 1979
15,Still
16,Highway 61 Revisited
16,Blonde on Blonde
16,Blood on the Tracks
16,The Bootleg Series Vol. 4: Live 1966 - The &quot;Royal Albert Hall&quot; Concert
16,"The Bootleg Series Vol. 14: More Blood, More Tracks"
16,The Real Royal Albert Hall 1966 Concert!
16,The Bootleg Series Vol. 8: Tell Tale Signs - Rare and Unreleased 1989-2006
16,Desire
16,Time Out of Mind
16,&quot;Love and Theft&quot;
17,Doolittle
17,Surfer Rosa
17,Bossanova
18,Led Zeppelin [IV]
18,Led Zeppelin II
18,BBC Sessions
18,Houses of the Holy
18,The Song Remains the Same
19,Dummy
19,Third
20,Marquee Moon
21,Hounds of Love
21,The Dreaming
21,Never for Ever
22,F♯A♯∞
23,The Doors
23,L.A. Woman
23,Absolutely Live
23,Morrison Hotel
23,Waiting for the Sun
24,Endtroducing.....
25,Bitches Brew
25,Dark Magus
25,Get Up With It
25,Agharta
25,Nefertiti
25,Filles de Kilimanjaro
25,Sorcerer
26,Vespertine
26,Homogenic
26,Vulnicura
27,The Low End Theory
27,Midnight Marauders
27,We got it from Here… Thank You 4 Your service
28,Are You Experienced
28,Electric Ladyland
28,BBC Sessions
28,Live at Winterland
29,The Money Store
29,Jenny Death: The Powers That B Disc 2
29,Bottomless Pit
29,Niggas on the Moon: The Powers That B Disc 1
29,No Love Deep Web
29,Year of the Snitch
30,Illinois
30,Carrie &amp; Lowell Live
30,Michigan
30,A Beginner&#39;s Mind
31,The Name of This Band Is Talking Heads
31,Stop Making Sense
31,Fear of Music
31,Speaking in Tongues
31,More Songs About Buildings and Food
31,Talking Heads: 77
32,Either / Or
32,XO
32,Elliott Smith
32,Figure 8
32,Roman Candle
33,Laughing Stock
33,London 1986
34,The College Dropout
34,Late Registration
34,The Life of Pablo
34,Late Orchestration
35,Daydream Nation
35,Sister
35,Goo
35,Dirty
36,Blonde
36,channel ORANGE
36,Endless
37,The Velvet Underground
37,The Complete Matrix Tapes
37,White Light / White Heat
37,Loaded
38,Liquid Swords
39,What&#39;s Going On
39,Let&#39;s Get It On
39,I Want You
40,Ride the Lightning
40,Master of Puppets
40,...And Justice for All
40,Kill &#39;Em All
41,MTV Unplugged in New York
41,Nevermind
41,In utero
41,Live and Loud
41,Live at the Paramount
42,"Sunshine Daydream: Veneta, Oregon, August 27, 1972"
42,Cornell 5/8/77
42,Europe &#39;72
42,One From the Vault
42,American Beauty
42,Reckoning
42,Workingman&#39;s Dead
43,Aquemini
43,ATLiens
43,Southernplayalisticadillacmuzik
44,Ágætis byrjun
45,Hunky Dory
45,Live Nassau Coliseum &#39;76
45,Welcome to the Blackout (Live London &#39;78)
45,Cracked Actor (Live Los Angeles &#39;74)
45,Scary Monsters (And Super Creeps)
46,"Hammersmith Odeon, London &#39;75"
46,Live / 1975-85
46,Born to Run
46,Darkness on the Edge of Town
46,Nebraska
46,The River
46,"The Wild, the Innocent &amp; the E Street Shuffle"
46,"The Wild, the Innocent &amp; the E Street Shuffle"
46,Live in New York City
46,We Shall Overcome: The Seeger Sessions
47,Rain Dogs
47,Swordfishtrombones
47,Closing Time
47,Franks Wild Years
47,Small Change
47,The Heart of Saturday Night
48,Innervisions
48,Talking Book
48,Music of My Mind
49,Live After Death
49,Seventh Son of a Seventh Son
49,The Number of the Beast
49,Rock in Rio
49,Somewhere in Time
49,Maiden England
49,Piece of Mind
49,Killers
49,Brave New World
50,Donuts
51,On the Beach
51,Live Rust
51,Harvest
51,Weld
51,Roxy: Tonight&#39;s the Night Live
51,Zuma
51,Live at the Cellar Door
51,Young Shakespeare
51,Ragged Glory
51,Harvest Moon
51,Hitchhiker
51,Unplugged
51,Unplugged
51,Tuscaloosa
52,Hot Rats
52,Roxy &amp; Elsewhere
52,Apostrophe (&#39;)
52,Waka / Jawaka
52,Joe&#39;s Garage Act I
53,Odessey and Oracle
54,Keep an Eye on the Sky
54,3rd
54,#1 Record
54,Radio City
55,"Live at The Old Quarter, Houston, Texas"
55,Townes Van Zandt
55,Delta Momma Blues
56,Mm.. Food
57,Symbolic
57,Human
57,The Sound of Perseverance
57,Leprosy
57,Live in L.A. (Death &amp; Raw)
57,...For the Whole World to See
58,My Favorite Things
58,Coltrane &quot;Live&quot; at the Village Vanguard
58,Ascension [Edition I]
58,Olé Coltrane
58,Concert in Japan
58,Ascension [Edition II]
58,First Meditations (For Quartet)
58,Interstellar Space
58,John Coltrane and Johnny Hartman
59,The Lonesome Crowded West
59,The Moon &amp; Antarctica
60,Alive 2007
60,Discovery
60,Random Access Memories
61,Velocity : Design : Comfort
62,"Live at the Harlem Square Club, 1963"
63,The Infamous
64,Clube da Esquina
65,Pornography
65,The Head on the Door
65,Seventeen Seconds
65,Paris
66,The Kinks Are the Village Green Preservation Society
66,Face to Face
67,Rumours
67,Tusk
67,Fleetwood Mac
67,The Dance
68,"Il buono, il brutto, il cattivo"
68,The Mission
69,Forever Changes
69,The Forever Changes Concert
70,All Things Must Pass
71,Rust in Peace
71,That One Night: Live in Buenos Aires
72,Superfly
72,Curtis / Live!
73,Raw Power
74,Songs of Love and Hate
74,New Skin for the Old Ceremony
74,Field Commander Cohen: Tour of 1979
75,Ready to Die
76,Irish Tour &#39;74
76,BBC Sessions
76,Tattoo
76,Rory Gallagher
76,Deuce
76,Photo-Finish
77,The Long Goodbye: LCD Soundsystem Live at Madison Square Garden
78,Is This It
78,Room on Fire
78,The New Abnormal
79,Violator
79,Music for the Masses
80,Live at the Rainbow &#39;74
80,A Night at the Opera
80,Live Killers
80,Sheer Heart Attack
80,Innuendo
81,"Thanks, Sorry!"
82,Turn On the Bright Lights
83,Music Has the Right to Children
84,Grace
85,Cosmo&#39;s Factory
85,Willy and the Poor Boys
85,Bayou Country
86,Rage Against the Machine
86,The Battle of Los Angeles
87,Igor
87,Flower Boy
87,Call Me If You Get Lost
88,Rétrospective Vol. 1 &amp; 2
88,Köhntarkösz
88,Mekanïk Destruktïw Kommandöh
88,Üdü Ẁüdü
88,Mekanïk Kommandöh
89,If You&#39;re Feeling Sinister
90,Piñata
90,Bandana
91,Painkiller
91,Screaming for Vengeance
91,Defenders of the Faith
91,Sin After Sin
92,Colors_Live
92,The Great Misdirect
93,Reign in Blood
93,Seasons in the Abyss
93,South of Heaven
94,Live at the Fillmore East
94,Band of Gypsys
95,Exile on Main St.
95,Let It Bleed
95,Beggars Banquet
96,Who&#39;s Next
96,Quadrophenia
96,The Kids Are Alright
97,No Sleep &#39;Til Hammersmith
97,Overkill
97,Ace of Spades
97,Everything Louder Than Everyone Else
98,Weezer [Blue Album]
98,Pinkerton
99,Thick as a Brick
99,Aqualung
99,Nothing Is Easy: Live at the Isle of Wight 1970
99,Songs From the Wood
99,Minstrel in the Gallery
100,At Fillmore East
100,Eat a Peach
100,The Allman Brothers Band
100,Idlewild South
100,Brothers and Sisters
101,Songs for the Deaf
101,...Like Clockwork
101,Rated R
102,First Utterance
103,Die Mensch-Maschine
103,Trans Europa Express
103,3-D: The Catalogue
103,Autobahn
104,Fresh Fruit for Rotting Vegetables
104,Plastic Surgery Disasters
105,At San Quentin
105,American IV: The Man Comes Around
105,American III: Solitary Man
105,American Recordings
105,Unchained
105,American V: A Hundred Highways
106,For Sale: Live at Maxwell&#39;s 1986
106,Let It Be
106,Tim
106,Pleased to Meet Me
106,Pleased to Meet Me
107,Expensive Shit
107,Roforofo Fight
107,Gentleman
107,Afrodisiac
107,Unknown Soldier
108,The Jimi Hendrix Concerts
108,Woodstock
109,Blues &amp; Roots
110,Mingus at Antibes
110,The Great Concert of Charles Mingus
110,Mingus Mingus Mingus Mingus Mingus
110,Mingus at Carnegie Hall
110,Oh Yeah
110,Mingus at the Bohemia
111,Treasure
111,Victorialand
112,Minecraft: Volume Alpha
112,Minecraft: Volume Beta
113,MTV Unplugged
113,Dirt
113,Alice in Chains
114,Mount Eerie
114,Microphones in 2020
115,Ænima
116,Blackwater Park
116,Still Life
116,Lamentations: Live at Shepherd&#39;s Bush Empire 2003
116,The Roundhouse Tapes
116,"My Arms, Your Hearse"
116,Watershed
117,You Won&#39;t Get What You Want
117,Daughters
118,Entertainment!
119,Maggot Brain
119,One Nation Under a Groove
120,Pink Flag
120,Chairs Missing
121,Head Hunters
121,Flood
121,Takin&#39; Off
122,Foxtrot
122,The Lamb Lies Down on Broadway
122,Nursery Cryme
122,A Trick of the Tail
122,Live
123,Sometimes I Might Be Introvert
123,Grey Area
124,The Köln Concert
124,The Survivors&#39; Suite
125,Live!
125,Catch a Fire
125,Natty Dread
125,Rastaman Vibration
126,Let Love In
126,No More Shall We Part
126,Murder Ballads
127,Waltz for Debby
127,Sunday at the Village Vanguard
128,The Shape of Jazz to Come
128,Science Fiction
129,Donkey Kong Country 2: Diddy&#39;s Kong Quest
129,DK Jamz: The Original Donkey Kong Country Soundtrack
130,0%
130,プネウマ (Pneuma)
130,&quot;Windswept Adan” Concert at Bunkamura Orchard Hall
130,&quot;Gift&quot; at Sogetsu Hall
130,アダンの風 (Windswept Adan)
130,剃刀乙女 (Kamisori otome)
131,Bridge Over Troubled Water
131,"Parsley, Sage, Rosemary and Thyme"
131,The Concert in Central Park
132,Boris at Last -Feedbacker-
132,Pink
132,Performing &quot;flood&quot;
132,あくまのうた (Akuma no uta)
132,Amplifier Worship
133,Transformer
133,American Poet
133,New York
133,Songs for Drella
134,The Magnolia Electric Co.
134,Sojourner
135,Otis Blue: Otis Redding Sings Soul
135,In Person at the Whisky a Go Go
135,Complete &amp; Unbelievable: The Otis Redding Dictionary of Soul
135,The Immortal Otis Redding
136,Paul&#39;s Boutique
136,Ill Communication
137,Here Come the Warm Jets
137,Taking Tiger Mountain (By Strategy)
138,Tabula rasa
139,Mother 2: ギーグの逆襲
139,Super Metroid: Sound in Action
140,ニンテンドーDS ポケモン ダイヤモンド&amp;パール スーパーミュージックコレクション  (Nintendo DS Pokémon Diamond &amp; Pearl Super Music Collection)
140,GBAポケモン ルビー&amp;サファイア ミュージック・スーパーコンプリート (GBA Pokémon Ruby &amp; Sapphire Music Super Complete)
141,Live in Chicago
141,Quebec
141,The Mollusk
141,Caesar Demos
142,Moment of Truth
142,Daily Operation
142,Step in the Arena
143,Machine Head
143,Deep Purple in Concert
143,Burn
144,Live in San Francisco &#39;16
144,Chunky Shrapnel
144,Polygondwanaland
145,Moving Pictures
145,Different Stages / Live
145,Hemispheres
145,Exit...Stage Left
145,A Farewell to Kings
145,Permanent Waves
145,2112
145,Snakes &amp; Arrows Live
146,Cowboy Bebop
146,Cowboy Bebop Blue
147,Aja
147,The Royal Scam
147,Can&#39;t Buy a Thrill
147,Countdown to Ecstasy
147,Pretzel Logic
147,Gaucho
148,宇宙 日本 世田谷 (Uchū Nippon Setagaya)
148,Long Season &#39;96~7 96.12.26 Akasaka Blitz
149,Twin Peaks: Fire Walk With Me
149,Mulholland Dr.
149,The Straight Story
149,The Straight Story
149,Twin Peaks Music: Season Two Music and More
149,Blue Velvet
150,The Nocturnes
151,Live at the Fillmore East 1970
151,Recorded Live
152,KIDS SEE GHOSTS
153,Relationship of Command
154,Vaudeville Villain
155,The Lord of the Rings: The Fellowship of the Ring
155,The Lord of the Rings: The Return of the King
155,Naked Lunch
156,Fôrça bruta
156,África Brasil
156,Jorge Ben
156,Ben
156,Negro é lindo
157,Le sacre du printemps
158,Twin Fantasy
158,Teens of Denial
158,Nervous Young Man
159,Super Mario Galaxy
159,Super Mario Galaxy 2
160,Star Wars
160,Star Wars: Return of the Jedi
160,Raiders of the Lost Ark
160,Star Wars Episode III: Revenge of the Sith
160,Jurassic Park
160,E.T. the Extra-Terrestrial
160,Close Encounters of the Third Kind
161,The Soft Bulletin
161,Clouds Taste Metallic
162,Lanquidity
162,Space Is the Place
162,The Antique Blacks
162,God Is More Than Love Can Ever Be
163,Stress: The Extinction Agenda
163,Organized Konfusion
164,John Lennon / Plastic Ono Band
164,Anthology
164,Imagine
165,Automatic for the People
165,R.E.M. Live at the Olympia
165,Reckoning
165,Lifes Rich Pageant
166,White Pony
166,Koi no yokan
166,Diamond Eyes
167,El jardín de los presentes
167,Durazno sangrando
168,The Last Waltz
168,Rock of Ages
168,Music From Big Pink
169,Before the Dawn
170,Titanic Rising
171,加爾基 精液 栗ノ花 (Kalk samen kuri no hana)
171,勝訴ストリップ (Shōso strip)
171,平成風俗 (Heisei fūzoku)
172,First Daze Here: The Vintage Collection
172,First Daze Here Too
172,Day of Reckoning
172,Be Forewarned
173,Time Out
174,Double Nickels on the Dime
175,Silent Shout: An Audio Visual Experience
175,Silent Shout
176,嵐 (Arashi)
177,A Live Record
177,Moonmadness
177,The Snow Goose
177,Rajaz
178,Before and After Science
178,Ambient 1: Music for Airports
179,Different Class
180,もののけ姫 (Mononoke-hime)
180,千と千尋の神隠し (Sen to Chihiro no kamikakushi)
180,Hana-bi
180,となりのトトロ  (Tonari no Totoro)
180,天空の城ラピュタ  (Tenkū no shiro Laputa)
181,Things Fall Apart
181,Game Theory
181,undun
181,The Roots Come Alive
182,A Crow Looked at Me
182,(after)
183,There&#39;s a Riot Goin&#39; On
184,You&#39;re Living All Over Me
185,Rock Bottom
185,Shleep
186,Hot Buttered Soul
186,Shaft
187,Electric Warrior
187,The Slider
188,Storm of the Light&#39;s Bane
188,The Somberlain
189,One More From the Road
189,Second Helping
190,Live in Copenhagen
191,Zen Arcade
191,New Day Rising
192,In the Nightside Eclipse
192,Anthems to the Welkin at Dusk
193,Through Silver in Blood
193,Times of Grace
193,Souls at Zero
193,The Eye of Every Storm
193,Enemy of the Sun
194,Pawn Hearts
194,Godbluff
194,H to He Who Am the Only One
194,Still Life
195,Crack the Skye
195,Blood Mountain
195,Remission
196,Operation:LIVEcrime
196,Operation: Mindcrime
197,Last Concert
197,革命京劇 (Revolutionary Pekinese Opera)
198,Visions of the Country
199,Live in San Francisco
200,Ella in Berlin: Mack the Knife
200,Ella Fitzgerald Sings the Irving Berlin Song Book
200,Ella Fitzgerald Sings the George and Ira Gershwin Song Book
201,The Inner Mounting Flame
201,Birds of Fire
202,The Goldberg Variations
203,Live in Hamburg
204,Emergency &amp; I
205,Close to a World Below
205,Here in After
206,Panopticon
206,Oceanic
207,Anesthetize
207,In absentia
207,Deadwing
207,Fear of a Blank Planet
208,Live at the Austin Outhouse
209,By the Time I Get to Phoenix
210,Yessongs
211,Okonokos
211,It Still Moves
212,Playing the Fool
212,Octopus
212,The Power and the Glory
212,Three Friends
213,Some Rap Songs
213,"I Don&#39;t Like Shit, I Don&#39;t Go Outside"
213,"I Don&#39;t Like Shit, I Don&#39;t Go Outside"
214,Mothership Connection
215,Deltron 3030
216,Rock Dream
217,UNDERTALE
218,Selected Ambient Works Volume II
218,drukqs
219,Pieces of a Man
220,The Miseducation of Lauryn Hill
221,Abraxas
221,Lotus
221,Live at the Fillmore 1968
221,Santana III
221,Santana
221,Moonflower
222,No Other
222,Roadmaster
223,Lady Soul
223,Aretha Now
224,Symphony No. 9 &quot;Choral&quot;
224,Symphonie Nr. 7
224,Klavierkonzert Nr. 3 C-dur / Klavierkonzert G-dur
224,Requiem KV 626
225,Mista Thug Isolation
225,Volcanic Bird Enemy and the Voiced Concern
225,Third Side of Tape
225,Oblivion Access
226,Reasonable Doubt
226,The Blueprint
226,4:44
227,Ellington at Newport
227,The Afro-Eurasian Eclipse
227,Blues in Orbit
227,Duke Ellington Meets Coleman Hawkins
228,I Have a Pony
229,Demon Days
229,Plastic Beach
230,Superunknown
230,Badmotorfinger
231,California
231,Disco Volante
231,Mr. Bungle
232,Sobrevivendo no inferno
233,Those Once Loyal
233,The IVth Crusade
233,...For Victory
233,Realm of Chaos
233,War Master
234,One Too Many Salty Swift and Not Goodbye
234,Indent
234,Conquistador!
234,The World of Cecil Taylor
234,The World of Cecil Taylor
235,1969 Velvet Underground Live With Lou Reed
236,Repeater
236,The Argument
236,Red Medicine
237,Like an Ever Flowing Stream
238,Angel Dust
238,The Real Thing
239,Elvis: TV Special
239,From Elvis in Memphis
240,On Stage
240,Long Live Rock &#39;n&#39; Roll
241,Vision Creation Newsun
242,Symphonie No. 9 / Moldau
242,Requiem
242,Symphonie No. 5
242,Symphonie Nr. 6 »Pastorale«
243,United States Live
243,Big Science
244,The Smiths
244,Meat Is Murder
245,It&#39;s Too Late to Stop Now
245,Tupelo Honey
246,The Modern Lovers
247,NEU! &#39;75
247,NEU!
248,Rocket to Russia
248,Ramones
248,Leave Home
248,Road to Ruin
249,Within the Realm of a Dying Sun
249,Toward the Within
249,The Serpent&#39;s Egg
250,Transa
250,Caetano Veloso
250,Jóia
251,Wild Is the Wind
251,I Put a Spell on You
252,Peter Gabriel
252,Secret World Live
252,Up
253,Hell Hath No Fury
253,Lord Willin&#39;
254,Jackson C. Frank
255,From Mars to Sirius
256,Cosmogramma
256,You&#39;re Dead!
257,This Year&#39;s Model
257,My Aim Is True
258,Live Kreation
258,Pleasure to Kill
258,Coma of Souls
258,Extreme Aggression
259,LP!
259,All My Heroes Are Cornballs
260,Masked Dancers: Concern in So Many Things You Forget Where You Are
261,Exuma
262,救済の技法 (Kyuusai no gihou)
262,Sim City
263,Juju
263,Nocturne
263,A Kiss in the Dreamhouse
263,Kaleidoscope
264,Sleeping Beauty
265,"Power, Corruption &amp; Lies"
265,Technique
266,Skylarking
266,Black Sea
266,Drums and Wires
267,Ironman
267,Supreme Clientele
267,Fishscale
268,Ladies and Gentlemen We Are Floating in Space
269,At the Heart of Winter
269,Pure Holocaust
270,Arise
270,Beneath the Remains
270,Under a Pale Grey Sky
271,Waiting for Columbus
271,Dixie Chicken
272,Die Kunst der Fuge
273,De-Loused in the Comatorium
274,Desertshore
274,The Marble Index
275,Tango: Zero Hour / Nuevo Tango: Hora Zero
276,Fragments of a Rainy Season
277,You Are All Diseased
277,Life Is Worth Losing
277,Parental Advisory: Explicit Lyrics
278,The Good Son
278,Skeleton Tree
278,Live Seeds
278,The Boatman&#39;s Call
278,Live From KCRW
278,The Abattoir Blues Tour
278,Your Funeral ... My Trial
278,Push the Sky Away
279,Crimson
279,Purgatory Afterglow
280,The Shape of Punk to Come
281,Sex Machine
281,The Payback
281,&#39;Live&#39; at the Apollo
281,"&#39;Live&#39; at the Apollo, Volume II"
282,Staying a Life
282,Balls to the Wall
283,Passing Ships
283,Black Fire
284,Songs From the Big Chair
285,The Cold Vein
286,Glassworks
287,The G.A.T...
287,HBO (Haitian Body Odor)
287,Dumpmeister
288,XXX
289,Bir Pesimistin Gözyaşları
290,The Clash
290,From Here to Eternity: Live
290,Live at Shea Stadium
291,Don Cherry
291,Symphony for Improvisers
291,Complete Communion
292,Violent Femmes
293,"Mercy, Mercy, Mercy!"
294,Monk&#39;s Dream
295,Doggystyle
296,Repetition
297,Music for 18 Musicians
298,The Main Ingredient
298,Mecca and the Soul Brother
299,For Your Pleasure
299,Country Life
299,Stranded
299,Avalon
299,Viva! Roxy Music
299,Siren
300,Fight Songs: The Music of Team Fortress 2
301,Bocanada
302,Bloodborne
303,Kingdom Hearts II Original Soundtrack
303,Kingdom Hearts
304,Helplessness Blues
304,Crack-Up
305,Atomizer
305,Songs About Fucking
306,Court and Spark
306,The Hissing of Summer Lawns
306,Ladies of the Canyon
306,Miles of Aisles
306,Shadows and Light
306,For the Roses
307,Nespithe
308,Live at Luther College
309,Epicus Doomicus Metallicus
309,Nightfall
310,Fear of a Black Planet
311,The Stooges
312,Live at Benaroya Hall
312,Vs.
313,Xenogears
314,Walter Carlos&#39; Clockwork Orange
315,In Concert
316,LISA
317,Blues for the Red Sun
318,Disco Elysium
319,Estudando o samba
319,Todos os olhos
320,Cornell 1964
321,&quot;Al final de este viaje...&quot;
321,Mujeres
322,R4™ / Ridge Racer Type 4 / Direct Audio
323,A I A: Alien Observer
324,Sinatra at the Sands
325,Jet Set Radio Future (ジェットセットラジオフューチャー)
325,Jet Set Radio
326,If You&#39;re Feeling Sinister: Live at The Barbican
327,Keeper of the Seven Keys Part II
328,Juju
328,Night Dreamer
329,Merriweather Post Pavilion
329,Sung Tongs
330,3 Gymnopédies &amp; Other Piano Works · und andere Klavierstücke
331,Cartola
331,Cartola
332,Outer Wilds
333,Divers
334,We Insist! Max Roach&#39;s Freedom Now Suite
334,"Members, Don&#39;t Git Weary"
335,Requiem; Lontano; Continuum
336,Run the Jewels 2
336,RTJ4
336,Run the Jewels 3
337,Transilvanian Hunger
338,The Blues and the Abstract Truth
339,In a Hole
339,This Nation&#39;s Saving Grace
339,Perverted by Language
339,Grotesque (After the Gramme)
339,The Wonderful and Frightening World of The Fall
339,Bend Sinister
339,Live at the Witch Trials
340,Nocturnes
341,Off the Wall
341,Bad
342,Scheherazade and Other Stories
342,Ashes Are Burning
342,Turn of the Cards
343,무너지기 (Crumbling)
344,Histoire de Melody Nelson
345,Yeti
346,Sonic the Hedgehog CD Original Soundtrack 20th Anniversary Edition
347,Live Without Sense
348,Brilliant Corners
348,Solo Monk
349,Abigail
349,Conspiracy
349,&quot;Them&quot;
350,Jesus Christ Superstar
351,Sleepy Buildings: A Semi Acoustic Evening
351,Mandylion
351,Nighttime Birds
351,How to Measure a Planet?
352,Concerts
352,Western Culture
353,Verisäkeet
353,Kivenkantaja
354,Jacques Brel [Ces gens-là]
354,Brel [Les Marquises]
354,N° 4
354,Jacques Brel [J&#39;arrive]
354,N° 5
355,Consuming Impulse
356,By Inheritance
357,ピンポン オリジナルサウンドトラック
357,映画 聲の形 オリジナル・サウンドトラック A Shape of Light
358,フリクリ (FLCL): OST 1 ~ Addict
358,Happy Bivouac
359,Metal Box
360,Call Me
360,Let&#39;s Stay Together
360,Al Green Gets Next to You
360,The Belle Album
361,Phil Ochs in Concert
361,I Ain&#39;t Marching Anymore
361,Rehearsals for Retirement
362,Graceland
362,Paul Simon
363,This Heat
364,The Concert for Bangla Desh
364,Singles
364,Velvet Goldmine
364,West Side Story
364,Cabaret
364,mikgazer vol.1
364,Improvised Music From Japan
365,The Modern Dance
365,Dub Housing
366,Goodbye Yellow Brick Road
366,Honky Château
366,Captain Fantastic and the Brown Dirt Cowboy
367,Sackcloth &#39;n&#39; Ashes
367,Low Estate
368,Clifford Brown and Max Roach
369,Magdalene
370,"If You Want Blood, You&#39;ve Got It"
370,Live
370,Live
370,Let There Be Rock
371,Bloom
371,Teen Dream
371,7
372,Hollow Knight
373,Bookends
374,Max &amp; Match
375,Over the Garden Wall
376,Jeopardy
376,From the Lions Mouth
377,Covenant
377,Blessed Are the Sick
378,Coin Coin Chapter One: Gens de couleur libres
379,Liege &amp; Lief
380,Live in Seattle
381,Universal
381,Judgement
381,Alternative 4
382,Didn&#39;t It Rain
382,Ghost Tropic
383,Lust for Life
384,"At the &quot;Golden Circle&quot; Stockholm, Volume One"
385,Cavalcade
385,Schlagenheim
386,Dopesmoker
387,Crime of the Century
387,Paris
387,Even in the Quietest Moments...
388,The Lost Tapes
388,Live in Stuttgart 1975
388,Music (Live 1971-1977)
389,Daytona
390,Smokin&#39; at the Half Note
391,Songs About Leaving
392,Solid Air
393,Those Who Throw Objects at the Crocodiles Will Be Asked to Retrieve Them
394,A divina comédia ou ando meio desligado
394,Mutantes
395,Made in Abyss
396,Miles Smiles
397,"You Heat Me Up, You Cool Me Down"
398,Wowee Zowee
399,Alchemy: Dire Straits Live
399,Love Over Gold
399,Dire Straits
399,Making Movies
400,Reality Dream
400,Anno Domini High Definition
401,Structures From Silence
401,Mystic Chords &amp; Sacred Spaces
401,Dreamtime Return
402,Is This Real?
402,Over the Edge
403,"Athenaeum, Homebush, Quay &amp; Raab"
404,The Eagle Has Landed: Live
404,Strong Arm of the Law
404,Wheels of Steel
405,What&#39;s Your Pleasure?
406,The Fragile: Deviations 1
407,We&#39;re Only in It for the Money
407,Burnt Weeny Sandwich
407,Absolutely Free
408,Friday Night in San Francisco
408,Elegant Gypsy
408,Casino
409,If Beale Street Could Talk
410,Visions of Bodies Being Burned
410,There Existed an Addiction to Blood
411,Secret Treaties
411,On Your Feet or on Your Knees
411,Fire of Unknown Origin
411,Blue Öyster Cult
412,The Elder Scrolls V: Skyrim
412,The Elder Scrolls IV: Oblivion
413,"Everything, Everything"
413,Dubnobasswithmyheadman
413,Second Toughest in the Infants
414,Severed Survival
415,"For Emma, Forever Ago"
416,Revés / Yosoy
417,Two for the Show
417,Leftoverture
418,The ArchAndroid
419,Taxi Driver
420,In the Flesh
421,Jesus Christ Superstar
422,Alucinação
422,Era uma vez um homem e o seu tempo
423,Get in the Van
424,Saturation II
424,Saturation III
425,The Youth Are Getting Restless
425,Black Dots
426,Transient Random-Noise Bursts With Announcements
427,Horse Rotorvator
427,Black Antlers
427,Love&#39;s Secret Domain
428,Live Wire / Blues Power
429,No More Color
429,Punishment for Decadence
430,Stand in the Fire
430,Excitable Boy
430,Warren Zevon
430,Life&#39;ll Kill Ya
431,Live at Pep&#39;s
432,You Fail Me
432,Jane Live
432,All We Love We Leave Behind
432,The Dusk in Us
433,Tilt
434,Effigy of the Forgotten
435,Storia di un impiegato
435,La buona novella
435,Anime salve
436,ゼルダの伝説 ～風のタクト～ (The Legend of Zelda: The Wind Waker)
437,Starsailor
438,Hex
439,The Holy Bible
440,A Piece of Strange
440,Dirty Acres
440,Oneirology
441,&quot;X&quot;
441,Mirage
441,Irrlicht
442,Parallel Lines
443,Come My Fanatics...
444,Homecoming: The Live Album
445,Surrealistic Pillow
445,Volunteers
446,E2-E4
446,Inventions for Electric Guitar
447,Live Scenes From New York
447,Live at Budokan
447,Score: 20th Anniversary World Tour
447,Metropolis Pt. 2: Scenes From a Memory
448,Alligator
448,Boxer Live in Brussels
449,Live
449,There&#39;s Nothing Wrong With Love
450,"Crosby, Stills &amp; Nash"
451,Black Future
451,Terminal Redux
451,Outer Isolation
452,Stormcock
453,Live
453,Valentyne Suite
454,Vingt regards sur l&#39;enfant-Jésus
455,Morbid Tales
455,Monotheist
455,To Mega Therion
456,TA13OO
456,Imperial
457,Mother Earth&#39;s Plantasia
458,Dirty Mind
458,Originals
459,Not Available
459,Duck Stab / Buster &amp; Glen
460,October Rust
460,Bloody Kisses
461,Germfree Adolescents
462,What Color Is Love
463,The Inflated Tear
463,I Talk With the Spirits
464,String Quartets Nos. 1-3
465,Kimono My House
465,N° 1 in Heaven
466,Dance Tonight! Revolution Tomorrow!
466,Chaos Is Me
467,The Minstrel Show
468,American Water
469,Pithecanthropus Erectus
470,Spectrum of Death
471,Live in Cook County Jail
471,Live at the Regal
471,Indianola Mississippi Seeds
472,Radio One
473,Q: Are We Not Men? A: We Are Devo!
473,"Hardcore Devo, Vol. 2: 1974-1977"
474,Darkness Descends
475,Live and Let Die
476,"あらためまして、はじめまして、ミドリです。 (Aratamemashite, hajimemashite, Midori desu.)"
477,Days of Future Passed
478,Shiny Beast (Bat Chain Puller)
478,Doc at the Radar Station
479,Fetch the Bolt Cutters
480,Les cinq saisons
481,Nightfall in Middle-Earth
481,Tales From the Twilight World
482,Terrifyer
482,Prowler in the Yard
483,かがやき (Kagayaki)
484,Ghost in the Shell
485,Let&#39;s Get Small
486,Tri repetae
486,Confield
486,elseq 4
487,The Assassination of Jesse James by the Coward Robert Ford
488,Elephant
488,White Blood Cells
489,Stakes Is High
489,3 Feet High and Rising
489,De La Soul Is Dead
490,Streetcleaner
491,天使のたまご 音楽編 / 水に棲む (Tenshi no tamago ongaku hen / Mizu ni sumu)
492,The United States of America
493,Black Rose: A Rock Legend
494,El patio
495,The Nocturnal Silence
496,Word...Life
497,Clics modernos
497,Parte de la religión
498,A Promise
498,Plays the Music of Twin Peaks
498,Knife Play
499,Take Me to Your Leader
500,Chinatown
500,The Omen
500,Alien
501,Sinner Get Ready
501,Caligula
502,Super Mario 64
502,The Legend of Zelda: 25th Anniversary Special Orchestra CD
503,Blast From the Past
503,Land of the Free
503,Somewhere Out in Space
504,You Got My Mind Messed Up
504,A Man Needs a Woman
505,"György Ligeti Edition 3: Works for Piano - Études, Musica ricercata"
506,Adiós Nonino
507,Younger Than Yesterday
507,Fifth Dimension
507,Mr. Tambourine Man
508,This Is the Sea
508,Fisherman&#39;s Blues
509,Crystal Logic
509,The Deluge
509,Open the Gates
510,Somewhere Along the Highway
510,A Dawn to Fear
510,Mariner
511,Live at Primavera Sound 2012
512,Ewa Demarczyk śpiewa piosenki Zygmunta Koniecznego
513,The Headless Children
513,W.A.S.P.
514,John Prine
515,Little Richard
516,Promises
517,Last Date
518,Chewed Up
518,Hilarious
519,Look at Yourself
519,Demons and Wizards
519,Salisbury
519,Live
519,The Magician&#39;s Birthday
520,Just for a Day
520,Pygmalion
521,Œuvres d&#39;Erik Satie
522,Crippled Symmetry
523,Summerteeth
524,Layla and Other Assorted Love Songs
525,Bridge of Sighs
525,Twice Removed From Yesterday
526,Exercises in Futility
527,The Unseen
528,Meat Puppets II
528,Up on the Sun
529,Tindersticks [II]
529,Tindersticks
530,Hoodoo Man Blues
531,Ricochet
531,Logos: Live at the Dominion - London 1982
531,Encore
532,"Paris, Texas"
533,Fallout
533,Fallout 2
534,Red Burns
535,OMORI
536,Back to Black
537,I See a Darkness
538,4eva Is a Mighty Long Time
539,4 Way Street
540,2012 - 2017
541,Dead Magic
542,Is This Desire?
542,Dry
542,White Chalk
542,The Peel Sessions: 1991-2004
543,Mercurial World
544,Wildhoney
545,Still Bill
545,Just as I Am
545,+&#39;Justments
546,The Elements
546,Inner Urge
546,Power to the People
547,The John Coltrane Quartet Plays
548,In the Flat Field
549,Volume 6: Days Have Gone By
549,America
549,"Vol. II: Death Chants, Breakdowns and Military Waltzes"
549,Volume 5: The Transfiguration of Blind Joe Death
550,Kraan Live
551,Captain Beyond
552,Different Trains; Electric Counterpoint
552,Kronos Quartet Performs Philip Glass
553,Travels
553,Still Life (Talking)
554,Real Life
554,Play.
555,Zarathustra
556,A Beautiful Thing: IDLES Live at Le Bataclan
556,Joy as an Act of Resistance.
556,Joy as an Act of Resistance.
557,The Sun Rises in the East
558,The Joshua Tree
558,Achtung Baby
558,War
559,Clutching at Straws
559,Marbles
559,Script for a Jester&#39;s Tear
560,Grasa de las capitales
561,Another Thought
561,Love Is Overtaking Me
562,Racional vol. 1
563,OIL OF EVERY PEARL&#39;S UN-INSIDES
563,Product
564,Nowa Aleksandria
565,Storia di un minuto
566,Three Cheers for Disappointment
567,Secos &amp; Molhados
567,Secos &amp; Molhados
568,Straight Life
568,Ready for Freddie
568,Hub-Tones
569,El derecho de vivir en paz
569,Pongo en tus manos abiertas...
570,Previsão do tempo
570,Garra
571,End of an Era
572,The Legacy
572,The New Order
572,The Gathering
573,Symphony No. 1
574,Faust
575,Persecution Mania
576,Metal Church
576,The Dark
576,Blessing in Disguise
576,Blessing in Disguise
577,I&#39;m in Your Mind Fuzz
578,Dimension Hatröss
579,Terria
579,Ziltoid the Omniscient
580,Korowód
581,Like Water for Chocolate
582,Burnin&#39;
583,Da Devil&#39;s Playground: Underground Solo
584,Crimson Glory
585,Absence
586,The Perfect Element I
587,A New World Record
587,Out of the Blue
587,Eldorado
588,Resurrection
589,Labcabincalifornia
590,Lonerism
591,Bonded by Blood
592,Songs for Distingué Lovers
592,Lady Sings the Blues
592,Body and Soul
592,Lady in Satin
593,Performance: Rockin&#39; the Fillmore
594,The Evil One
595,L.A.M.F.
596,Swiss Movement
597,Frank Sinatra Sings for Only the Lonely
597,No One Cares
597,No One Cares
597,Watertown
597,September of My Years
597,A Swingin&#39; Affair!
597,It Might as Well Be Swing
598,Train of Thought
599,Hard Again
599,Folk Singer
599,Fathers and Sons
599,Muddy Waters at Newport 1960
599,After the Rain
600,Live From Japan
601,Odelay
602,Las últimas composiciones de Violeta Parra
603,Préludes · Volume 1
603,Préludes · Volume 2
604,Halo 3
605,10 Years Gone
606,Thunder Perfect Mind
607,At Last!
608,Good Old Boys
608,Sail Away
609,Adnos I-III
610,Time &#39;n&#39; Place
611,Father of Folk Blues
612,The Gathering Wilderness
613,La ley innata
614,You Must Believe in Spring
614,Undercurrent
614,Intermodulation
615,Screams of Anguish
616,Libertango
616,La Camorra: La soledad de la provocación apasionada
617,Moon Safari
618,16 Lovers Lane
618,Spring Hill Fair
619,Time
620,Munly &amp; The Lee Lewis Harlots
621,Celeste
622,Cheap Thrills
623,Live in Concert With the Edmonton Symphony Orchestra
624,Promise
624,Diamond Life
624,Diamond Life
625,Aaliyah
626,Uncut Gems
627,Couldn&#39;t Stand the Weather
627,Texas Flood
627,The Sky Is Crying
627,Live Alive
628,Billion Dollar Babies
628,Welcome to My Nightmare
629,It Serve You Right to Suffer
629,I&#39;m John Lee Hooker
629,Burnin&#39;
630,II
631,Batman
632,Immunity
633,The Rain
634,Let Freedom Ring
635,TNT
636,Frizzle Fry
637,Parade: Music From the Motion Picture &quot;Under the Cherry Moon&quot;
638,Capital Punishment
639,Hybris
640,Horrorscope
640,Taking Over
641,The Marriage of Heaven and Hell Part Two
641,The Marriage of Heaven and Hell: Part One
641,Invictus
641,The House of Atreus: Act I
642,A peleja do Diabo com o dono do céu
643,Earth Inferno
643,Elizium
644,Cure for Pain
644,Good
645,Seven Churches
646,La voce del padrone
647,Bridges
648,Caught Up
649,Goat
650,Purple Mountains
651,Hats
651,A Walk Across the Rooftops
652,Midtown 120 Blues
653,The Black Halo
653,Karma
653,Epica
654,Funky Kingston
654,In the Dark
655,Persepolis
656,Paid In Full
657,Dig Me Out
657,The Hot Rock
658,The Thin Red Line
658,Gladiator
659,Ceres &amp; Calypso in the Deep Time
660,Perdition City
661,Edge of Thorns
661,The Wake of Magellan
662,Armed Forces
662,Imperial Bedroom
662,Get Happy!!
663,Sing to God
663,On Land and in the Sea
664,Double Live Gonzo!
665,Traveller
666,Live at Winterland &#39;68
666,Pearl
666,Pearl
666,I Got Dem Ol&#39; Kozmic Blues Again Mama!
667,(What&#39;s the Story) Morning Glory?
668,Blood Visions
669,Phenomenon
670,Beauty Reaps the Blood of Solitude
671,Fish Out of Water
672,Los Jaivas [El indio]
673,Affinità-divergenze fra il compagno Togliatti e noi: Del conseguimento della maggiore età
674,Miłość w czasach popkultury
675,A dança da solidão
675,Foi um rio que passou em minha vida
676,Insignificance
676,Bad Timing
677,Draconian Times
678,For the First Time
679,Black Hand Inn
679,Pile of Skulls
679,Under Jolly Roger
680,Iannis Xenakis 2: La légende d&#39;Eer
681,Cajas de música difíciles de parar
682,The Blues Brothers
683,Inspiration Information
684,Twelve Dreams of Dr. Sardonicus
684,The Family That Plays Together
685,Dare Iz a Darkside
685,Whut? Thee Album
686,Almoraima
686,Concierto de Aranjuez
687,Diary
688,Contours
688,Streams
689,Intents and Purposes: The Jazz Artistry of Bill Dixon
690,The Cars
691,AmeriKKKa&#39;s Most Wanted
692,Radio Ethiopia
692,Easter
693,Time (The Revelator)
693,Soul Journey
694,Breaking Atoms
695,War ina Babylon
696,The Maniacal Vale
696,Metamorphogenesis
696,The Pernicious Enigma
697,The Individualism of Gil Evans
698,Just Another Diamond Day
699,I Trawl the MEGAHERTZ
700,Wrecking Ball
701,Yellow Magic Orchestra
701,Solid State Survivor
702,The Last of Us
703,How I&#39;m Feeling Now
704,Fire of Love
705,Downfall of the Neon Youth
705,To See the Next Part of the Dream
706,Two Hunters
707,Car Wheels on a Gravel Road
707,Lucinda Williams
708,Full Moon Fever
709,Inflammable Material
710,Dreamer
711,Idiot Prayer: Nick Cave Alone at Alexandra Palace
712,Da pacem
713,Voyage of the Acolyte
714,"Light of Day, Day of Darkness"
715,Somnium
716,...and His Mother Called Him Bill
716,Such Sweet Thunder
716,Masterpieces by Ellington
717,You
717,Angel&#39;s Egg
717,Live Etc
717,Camembert electrique
718,Melodrama
719,Horrified
720,恋人へ (Koibito e)
721,Blod-draum
722,Showcase
723,A mulher do fim do mundo
724,Rāg Madhuvantī / Rāg Miśra Tilang
725,"Synecdoche, New York"
726,Will the Circle Be Unbroken
727,Norman Fucking Rockwell!
728,The B-52&#39;s
728,The B-52&#39;s
729,Awakening the World
729,Awakening the World
730,Omega
730,Omega
731,Yayayi
731,Yayayi
732,The Last of the Mohicans
732,The Last of the Mohicans
733,Red Headed Stranger
733,Red Headed Stranger
733,Stardust
734,Ella and Louis Again
734,Ella and Louis Again
735,Sylva
735,Sylva
735,We Like It Here
736,Suede
736,Suede
736,Coming Up
737,Parachute
737,Parachute
738,The Awakening
738,The Awakening
739,Fome
739,Fome
739,La espada y la pared
739,Los Tres
740,On Fire
740,Peel Sessions
740,Today
741,Floodland
741,First and Last and Always
742,Saxophone Improvisations Series F
743,Silent Feet
744,76:14
745,Grievous Angel
745,GP
746,Super Ape
747,Graves of the Archangels
747,Promulgation of the Fall
748,Sappukei
748,Num-Heavymetallic
749,Sweet Tea
750,伝承美学 (Traditional Aesthetics)
751,O poeta e o violão
752,Grim Fandango
753,Beauty and the Beast
754,Somebody Loan Me a Dime
755,Los Angeles
756,Introspective
756,Behaviour
756,Actually
756,Actually
757,Below the Lights
757,Vikingligr veldi
757,RIITIIR
758,Arbeit macht frei
758,Are(A)zione
758,Crac!
759,Funcrusher Plus
760,Mediterráneo
760,"Dedicado a Antonio Machado, poeta"
761,The Concerts in China
761,Equinoxe
762,Getting Ready...
763,Naturally
763,Troubadour
763,Okie
764,The Colours of Chloë
765,Vacation
766,Cantofabule
767,"Babylon by Gus, Vol 1: O ano do macaco"
768,Slaughter of the Soul
768,The Red in the Sky Is Ours
769,A Long Hot Summer
769,Disposable Arts
770,Watching From a Distance
771,At Budokan
772,Piñata Beats
772,"Madlib Medicine Show: No. 5 - History of the Loop Digga, 1990-2000"
773,Sonic Adventure &quot;Digi-Log Conversation&quot;
774,Gratitude
775,Winobranie
776,Leapin&#39; and Lopin&#39;
777,Johnny Winter And ... Live
777,The Progressive Blues Experiment
777,Second Winter
778,Glass Bead Games
779,From the Choirgirl Hotel
779,Under the Pink
779,Boys for Pele
780,Internal Affairs
781,Кино (Чёрный альбом)
781,Последний герой
781,Звезда по имени Солнце
782,Back to Times of Splendor
783,Hound Dog Taylor and the Houserockers
784,OFF
785,Equal Rights
786,Most Things Haven&#39;t Worked Out
787,Volume Two
788,Hall of the Mountain Grill
788,Warrior on the Edge of Time
788,In Search of Space
789,From Wisdom to Hate
789,The Erosion of Sanity
790,Over
790,Nadir&#39;s Big Chance
790,In Camera
791,Feelin&#39; Kinda Patton
792,Nowhere
792,Going Blank Again
793,Jazz på svenska
794,Spokojnie
794,Posłuchaj to do ciebie
795,The Shadow Cabinet
795,Far From the Madding Crowd
796,Black Earth
797,La planète sauvage
798,Les espaces acoustiques
799,Fantastic Damage
800,Lysol
800,Houdini
800,Bullhead
800,Bullhead
801,Dynamo
801,Signos
801,Sueño Stereo
802,György Ligeti Edition 1: String Quartets and Duets
802,Streichquartett Op. 3; Lyrische Suite
803,Stardew Valley
804,From Here We Go Sublime
805,Shoot Out the Lights
806,MetaL MetaL
807,Winter in America
808,Soul on Ice
809,The Quest
810,アンハッピーリフレイン (Unhappy Refrain)
811,Haile I Hymn (Chapter 1)
812,The Leftovers: Music From the HBO® Series - Season One
813,Ambient 2: The Plateaux of Mirror
813,The Pavilion of Dreams
813,The Pearl
814,In den Gärten Pharaos
814,Music From the Film &quot;Aguirre&quot;
814,Music From the Film &quot;Aguirre&quot;
814,"Letzte Tage, Letzte Nächte"
815,Alien
816,Lance
817,The Witcher 3: Wild Hunt
818,Völkerball
818,Mutter
818,Live aus Berlin
819,No New York
820,John Barleycorn Must Die
820,The Low Spark of High Heeled Boys
821,Damn the Torpedoes
822,Return to Forever
822,Light as a Feather
823,Secret South
823,Hoarse
824,Phantom Thread
824,There Will Be Blood
825,Siembra
826,"Solaris, The Mirror, Stalker: Music From Motion Pictures"
827,No Now
828,The Basement Tapes
829,Among the Living
830,Vauxhall and I
830,Live at Earls Court
831,I Am the Blues
832,Above
833,Judee Sill
834,Music of India: Three Classical Rāgas
835,Coisas
836,&#39;Frisco Mabel Joy
837,Yèkatit: Ethio Jazz
838,W strefie jarania i w strefie rymowania
839,Dark Souls III
840,Folksongs and Instrumentals With Guitar
841,Goldfinger
842,Autumn Aurora
842,Forgotten Legends
843,Legion
844,Runaway Slave
845,Ser hümano!!
846,Live at the Isle of Wight
846,On the Boards
847,Walk Among Us
848,The Social Network
849,Jimmy Carter Syndrome
850,Play the Blues
851,Walk Away Renée / Pretty Ballerina
852,Mabool: The Story of the Three Sons of Seven
853,Enigmatic
853,Niemen vol. 2
854,Slaughtersun (Crown of the Triarchy)
855,Vol. 3
856,Slide
857,Hark! The Village Wait
857,Below the Salt
858,Nightingales &amp; Bombers
858,Solar Fire
859,Orbital [Brown Album]
859,In Sides
860,The Sham Mirrors
861,Every Picture Tells a Story
862,01010101
863,Decoration Day
864,Прыг-скок: Детские песенки
865,Die Lit
866,Sometimes I Wish We Were an Eagle
867,Tons of Sobs
867,Fire and Water
868,Go for Your Guns
868,The Heat Is On
869,Hyper Light Drifter
869,FEZ
870,1990
871,cLOUDDEAD
872,Vs.
873,Cantigas do Maio
874,Basket of Light
874,Sweet Child
875,Temple of Shadows
876,Christmas and the Beads of Sweat
876,New York Tendaberry
877,Adoniran Barbosa
878,One Night at Budokan
879,The Marshall Mathers LP
880,Fish Rising
881,Complete Orchestral Works
882,Lesser Matters
883,Accelerated Evolution
884,輪廻交響楽 (Ecophony Rinne)
885,Live in Paris (1975)
886,At Action Park
887,Hiding Places
888,ワールドイズユアーズ (World Is Yours)
889,New Gold Dream (81-82-83-84)
890,On the Run
891,Old No. 1
892,Replicas
893,Above the Weeping World
893,Winter&#39;s Gate
894,6 &amp; 12 String Guitar
895,Emitt Rhodes
896,Going Places
897,The Great Cold Distance
897,Viva Emptiness
898,In for the Kill
898,Budgie
898,Bandolier
899,The Piano
899,Drowning by Numbers
899,"The Cook, the Thief, His Wife &amp; Her Lover"
900,American Beauty
900,The Shawshank Redemption
901,Green Eyed God
902,Parklife
903,Hear Nothing See Nothing Say Nothing
904,Dead Roots Stirring
905,Aviary
906,Lovedrive
906,Blackout
906,Love at First Sting
907,The Ultra-Violence
908,A Boy Named Charlie Brown
909,Pretenders
910,Clarity
911,The Divine Wings of Tragedy
911,V: The New Mythology Suite
911,The Odyssey
911,The Odyssey
912,Braveheart
913,For Girls Who Grow Plump in the Night
914,"Songs of Darkness, Words of Light"
915,King of da Playaz Ball
916,Mythical &amp; Magical
917,Fox Confessor Brings the Flood
917,Blacklisted
918,Hum of Life
919,Scenes From the Second Storey
919,One Last Laugh in a Place of Dying
920,Cowboy Bebop: Knockin&#39; on Heaven&#39;s Door - O.S.T. Future Blues
921,Helvete
921,Shift
922,Metal Gear Solid
923,Death Church
924,Trouble
924,The Skull
925,Modrý Efekt &amp; Radim Hladík
926,Killing Joke
926,Hosannas From the Basements of Hell
926,Killing Joke
927,Colossal Youth
928,Underwater Moonlight
929,Brass
930,Africa Must Be Free by 1983
931,Specials
932,"Reading, Writing and Arithmetic"
933,Chill Out
934,"Concertos for Cello, Violin &amp; Piano"
935,Beyond the Crimson Horizon
935,Through the Darkest Hour
935,Alone
936,Smiling With No Teeth
937,To Our Children&#39;s Children&#39;s Children
938,Conquering Lion
939,Alkebu-Lan: Land of the Blacks - Live at the East
940,Mestarin kynsi
941,The Sophtware Slump
942,Easter Everywhere
943,Where Did Our Love Go
944,The Axeman Cometh
945,Ainda
946,No Dogs Allowed
947,Super Session
948,Bug
949,Look Sharp!
949,Night and Day
950,Catch for Us the Foxes
951,Gal
952,Bilateral
952,The Congregation
953,Prima edizione
954,Hair of the Dog
955,Africa Express Presents... Terry Riley&#39;s In C Mali
956,Cello Concerto; Sea Pictures
957,Charmed
957,Makin&#39; Magick
958,Right Time
959,Oil on Canvas
959,Gentlemen Take Polaroids
960,The Madcap Laughs
961,XTRMNTR
962,Grand Prix
963,Wave
964,Fire Down Under
965,Live at Jittery Joe&#39;s
966,Mirror Man
967,World Extermination
968,Ray of Light
969,Secret of the Runes
969,Theli
969,Sirius B
970,Oktubre
971,Movimento perpétuo
972,666
973,Addicted
974,Lawrence of Newark
975,The Yellow Album
976,A Handful of Beauty
977,Caught in the Act
978,Lincoln
978,Flood
978,They Might Be Giants
978,Apollo 18
979,The Disintegration Loops III
979,The Disintegration Loops
980,In Europe
981,Live in Leipzig: East Germany 26/11/90
982,Una semana en el motor de un autobús
983,Year of the Cat
984,Dystopia
985,Beauty and the Beat
986,"Never, Neverland"
987,Klaus Mitffoch
988,We&#39;ll Talk About It Later
989,Memento z banalnym tryptykiem
989,Pamięć
990,"Nothing Changes No One Can Change Anything, I Am Ever-Changing Only You Can Change Yourself"
991,Greatest of the Delta Blues Singers
991,Today!
992,"Thunder, Lightning, Strike"
993,The Key
994,Leichenschrei
995,Carol of Harvest
996,The Crypt: 12th June 1968
997,NOLA
998,Keasbey Nights
999,The Psychomodo
1000,The Best Part
1001,Cannonball Adderley Quintet in Chicago
1002,Quarteto Nôvo
1003,"Come, Come to the Sunset Tree"
1004,Damned Damned Damned
1005,Tales From the Thousand Lakes
1006,Return of the Boom Bap
1007,Split
1007,Thank Christ for the Bomb
1008,DOOM
1009,And the Cannons of Destruction Have Begun...
1010,Dreaming My Dreams
1010,The Ramblin&#39; Man
1011,Darklands
1012,Geek the Girl
1013,Hypermagic Mountain
1014,New History Warfare Vol. 2: Judges
1015,Un canto por México vol. 1
1015,Musas Vol. 2
1016,Marcus Garvey
1017,Transient
1018,Nothing to Fear
1019,Out Front
1020,La sanie des siècles : Panégyrique de la dégénérescence
1021,A Tab in the Ocean
1022,La La Land
1023,Rejuvenation
1023,The Meters
1024,The Mask and Mirror
1024,The Book of Secrets
1024,The Visit
1025,Super Ghostbusters
1026,Cuphead
1027,Veritas Diaboli manet in aeternum
1028,Mad for Sadness
1029,Colour Green
1030,Rhythm Nation 1814
1031,Coleman Hawkins Encounters Ben Webster
1032,L.A. Turnaround
1032,Rosemary Lane
1033,Time for Tyner
1034,Early Water
1035,Spaces
1036,Montrose
1037,Muzyka poważna
1038,Government Commissions: BBC Sessions 1996-2003
1039,The Winter Ray
1040,Black Saint
1041,Marsbéli krónikák
1042,Endless Skies
1043,Alfredo
1044,Sweet Fanny Adams
1045,Wede Harer Guzo
1046,Neotokyo
1047,L&#39;imprudence
1047,Fantaisie militaire
1048,Martwa polska jesień
1048,Nocel
1048,Księżyc milczy luty
1049,Live
1050,A Night in Tunisia
1051,Get Lost
1052,Satch Plays Fats: A Tribute to the Immortal Fats Waller
1053,Wolfheart
1054,A River Ain&#39;t Too Much to Love
1055,Night of the Stormrider
1055,Something Wicked This Way Comes
1056,A-Z
1057,Antisocialites
1058,Volume 3
1059,Black Monk Time
1060,Depois do fim
1061,Masterplan
1062,Blackheart Man
1063,No One Can Do It Better
1064,Ample Destruction
1065,Litania: Music of Krzysztof Komeda
1066,Black Foliage: Animation Music Volume 1
1067,The Southern Harmony and Musical Companion
1068,Canções praieiras
1069,Andy Irvine &amp; Paul Brady
1070,Newport 1958
1071,Deserter&#39;s Songs
1072,Kristofferson
1073,Electric Bath
1074,Where Have I Known You Before
1075,Wings Over America
1076,Elis
1077,Death Walks Behind You
1077,In Hearing of Atomic Rooster
1078,Spring
1079,In C
1079,Persian Surgery Dervishes
1080,O passo do Lui
1080,O passo do Lui
1081,Streethawk: A Seduction
1081,Streethawk: A Seduction
1081,Destroyer&#39;s Rubies
1082,Permutation
1082,Permutation
1083,Almendra
1083,Almendra
1084,Hatfield and the North
1084,Hatfield and the North
1085,Sulle corde di Aries
1085,Sulle corde di Aries
1086,Как я стал предателем
1086,Как я стал предателем
1087,The Natch&#39;l Blues
1087,The Natch&#39;l Blues
1088,Spiegel; Monumentum; Momente
1088,Spiegel; Monumentum; Momente
1089,Twin Peaks
1089,Twin Peaks
1089,Climbing!
1090,Fiu fiu...
1090,Fiu fiu...
1091,Apocalypse Now
1091,Apocalypse Now
1092,Communion
1093,A Boy ボーイ
1094,Coffin for Head of State
1095,光のカケラ (Hikari no kakera)
1096,Blow by Blow
1097,Johnny Burnette and the Rock &#39;n Roll Trio
1098,?
1098,Testimony
1098,One
1098,Sola Scriptura
1099,Ape Escape: Originape Soundtracks
1100,Circles
1101,Kala
1101,Arular
1102,Symphonies of Sickness
1103,Whatever and Ever Amen
1104,Forces of Victory
1105,When the World Was One
1106,Aion
1107,The Witch Doctor
1108,Kick Out the Jams
1109,Document #8
1110,Into the Electric Castle: A Space Opera
1110,The Human Equation
1111,Ceux du dehors
1111,Hérésie
1112,Lubbock (On Everything)
1113,JazzArt Underground
1114,Deus Ex: Human Revolution
1115,The Sinking of the Titanic
1116,T-Bone Blues
1117,Y
1118,Time of the Last Persecution
1119,Under the Skin
1120,Milton
1121,O canto livre de Nara
1122,공중도덕 (Gongjoong Doduk)
1123,European Echoes
1124,Somewhere City
1125,Burn the Sun
1126,Jazz Samba Encore!
1126,Jazz Samba
1127,"The Amazing Bud Powell, Vol. 2"
1128,s.o.n.o.g.r.a.m.
1129,Cowboy in Sweden
1130,Steig aus
1131,Bullitt
1132,Undercurrent
1133,The Way Ahead
1134,E
1135,Tender Buttons
1136,Stranglers IV (Rattus Norvegicus)
1137,Danzig III: How the Gods Kill
1137,Danzig
1138,Gilberto Gil
1139,Music for K
1140,Man of the Light
1141,Zauberberg
1142,Spooky Two
1143,The Locust Years
1144,10.21
1145,We Get Requests
1145,Night Train
1146,Willis Alan Ramsey
1147,Gossip
1148,Bright Green Field
1149,In It for the Money
1150,Quella Vecchia Locanda
1151,A New Perspective
1152,Transatlanticism
1153,Ash Ra Tempel
1154,Electr-o-Pura
1155,Samurai Champloo Music Record: Impression
1156,Hymnvs
1157,Alenar
1158,The Rite of Strings
1159,R.A.P. Music
1160,Public Strain
1161,Music for the Jilted Generation
1162,Buddy Holly
1163,Illusions
1164,プラトニック プラネット (Platonic Planet)
1165,Lianne La Havas
1166,Hidden History of the Human Race
1167,Tristan et Iseult
1168,Ho visto anche degli zingari felici
1169,Chutes Too Narrow
1170,Songs
1171,T H E
1172,Aerial Ballet
1172,Nilsson Schmilsson
1173,I Am the Cosmos
1174,Confesiones de invierno
1175,Superficies de placer
1176,Assault on Precinct 13
1176,Halloween
1176,Anthology (Movie Themes 1974-1998)
1177,My War
1178,Internal Flight
1179,Manger on McNichols
1180,Eros
1181,Triarchy of the Lost Lovers
1182,Truelove&#39;s Gutter
1182,Coles Corner
1183,The Edges of Twilight
1184,Desert Places
1185,Fabulosos calavera
1186,Out of the Afternoon
1187,Chaos and Creation in the Backyard
1188,East of the River Nile
1188,Rockers Meets King Tubbys in a Fire House
1189,The London Howlin&#39; Wolf Sessions
1190,Cabeça dinossauro
1191,"March 16–20, 1992"
1192,Buena Vista Social Club Presents Ibrahim Ferrer
1193,This Is My Country
1194,New Dark Age
1195,星間性交
1196,Live From the Royal Albert Hall
1197,Serenade to a Soul Sister
1198,Private Parts
1199,Grave New World
1200,Miss America
1201,Dreamweaver
1202,Dancing in the Dragon&#39;s Jaws
1203,The Third Ascension
1204,Hypothetical
1204,Subsurface
1205,Dreams d&#39;azur
1206,Mother
1207,The Satanist
1208,Black Sheep Boy
1209,Maxwell&#39;s Urban Hang Suite
1210,Official Live: 101 Proof
1211,Reach Out
1212,De Profundis
1213,Flygod
1214,Palepoli
1215,Rocky
1216,...And Out Come the Wolves
1217,Imaginary Sonicscape
1218,Wanted: Dead or Alive
1219,ここ (Koko)
1220,Visitation
1220,Harakka Bialoipokku
1221,East Broadway Run Down
1221,Way Out West
1222,Fetch
1223,Fantastic Planet
1224,Bad Girls
1225,呼吸 (Kokyuu)
1226,Virus
1227,Ben Webster Meets Oscar Peterson
1228,Ben Folds Live
1228,Rockin&#39; the Suburbs
1229,Damn Right I Am Somebody
1230,Unlock the Shrine
1230,Foulest Semen of a Sheltered Elite
1231,Showcase
1232,가장 보통의 존재
1233,Caravan
1234,No Rest for the Wicked
1235,Introducing Lemon
1236,Alive
1236,Catch Thirtythree
1237,Starfish
1238,Disconnected
1239,Copper Blue
1240,Ini Kamoze
1241,"Dedicated to You, But You Weren&#39;t Listening"
1242,Utopia
1243,Lupe Fiasco&#39;s Food &amp; Liquor
1244,Dopes to Infinity
1245,Woven Hand
1245,Blush Music
1246,Mad Dogs &amp; Englishmen
1247,A Caress of the Void
1248,Larmes de héros
1248,Métamorphose
1249,Wintersun
1250,Downward Is Heavenward
1251,Ritual
1252,攻殻機動隊: Stand Alone Complex O.S.T. (Ghost in the Shell: Stand Alone Complex O.S.T.)
1253,Stoneage Romeos
1254,Into the Mirror Black
1255,Helen Merrill
1256,Cornonstípicum
1257,新しい日の誕生 (Atarashī hi no tanjō)
1258,El circo
1259,Magrudergrind
1260,Lazer Guided Melodies
1261,The Crane Wife
1262,...In &quot;Jane From Occupied Europe&quot;
1263,Tales of Mystery and Imagination
1263,The Turn of a Friendly Card
1264,Doopee Time
1265,National Health
1266,Forse le lucciole non si amano più
1267,The Falconer&#39;s Arm I
1268,Blues From the Gutter
1269,Ponyoak
1270,Alma de diamante
1271,Castelos &amp; ruínas
1272,Turkish Women at the Bath
1273,The Giant Is Awakened
1274,Hades: Original Soundtrack
1275,Showdown!
1276,New York Dolls
1277,"If You&#39;re Into It, I&#39;m Out of It"
1278,Night Falls Over Kortedala
1279,"Lifted or The Story Is in the Soil, Keep Your Ear to the Ground"
1280,Heaven Up Here
1281,Love Bites
1282,Blue Screen Life
1283,Profondo rosso
1284,Showcase Vol 1
1285,Blank Generation
1286,McDonald and Giles
1287,V
1287,Snow
1288,Mice and Rats in the Loft
1289,Tonton Macoute
1290,Wee Tam &amp; The Big Huge
1291,Brötzmann / Van Hove / Bennink
1292,De Profundis
1293,Metro
1294,Only Forever
1295,Mauvais œil
1296,Zeichnungen des Patienten O.T.
1297,Svitanie
1298,Jolene
1299,Vol. 5: Dil Cosby Suite
1300,Welcome My Last Chapter
1301,The Paul Butterfield Blues Band
1302,Ventura
1303,Field Songs
1303,Whiskey for the Holy Ghost
1304,The Sleep of Morbid Dreams
1305,Act II: The Father of Death
1306,Transcendental Blues
1307,Creation and Destroy
1308,Possession
1309,"Merry Christmas, Mr. Lawrence"
1310,Falconer
1311,ג (Gimel)
1312,Instruments Disorder (170 Songs CD)
1313,Psonic Psunspot
1314,Godspelized
1315,Это мама
1316,Stupidity
1317,Il nostro caro angelo
1318,Curtains
1319,De profundis
1320,Dark Eyes
1321,Boston
1322,Wait Long by the River and the Bodies of Your Enemies Will Float By
1323,A Hard Road
1324,Fully Completely
1324,Day for Night
1325,The Future Is Now
1326,Maxophone
1327,March to the Black Holocaust
1328,Coping With the Urban Coyote
1329,Dies Irae
1330,Irish Coffee
1331,Garden of Delete
1332,"Tachibana, Vol. 1"
1333,Tana Talk 3
1334,Au-delà du délire
1335,Kovemmat kädet
1336,So Tonight That I Might See
1337,The Dark Third
1338,Ever
1339,Matança do porco
1340,Paint a Picture
1341,Whoracle
1342,The &#39;59 Sound
1343,Black Market
1344,Garden Shed
1345,The Gospel According to Zeus
1346,Labour of Lust
1347,Strappado
1348,Fifth Angel
1349,Like an Old Fashioned Waltz
1350,Gov&#39;t Mule
1351,Back Porch Bluegrass
1352,Come In
1353,The Turning Wheel
1354,Tres Hombres
1355,Tracy Chapman
1356,The Rack
1357,Frames
1357,Effloresce
1358,Document #5
1359,Retribution
1360,Tortured Existence
1361,Stone&#39;s Reach
1362,Micah P. Hinson and the Gospel of Progress
1363,Rareform
1364,Moon Germs
1365,Filth
1366,Buy
1367,Stare Into Death and Be Still
1367,The Destroyers of All
1368,Tilt (Immagini per un orecchio)
1369,Live Cream
1370,Strictly From Hunger
1371,Silent Alarm
1372,The Mountain
1373,Bizarro
1374,Il n&#39;y a plus rien
1375,"Things May Come and Things May Go, But the Art School Dance Goes on for Ever"
1376,Relatives in Descent
1377,Jesu
1378,Georges Brassens [Fernande]
1379,Resurrection
1380,Is It Because I&#39;m Black
1381,Soul Men
1382,Spirit Phone
1383,The Curtain Hits the Cast
1384,The Magic City
1385,Tallulah
1386,Beyond the Veil
1387,Holy Ground: NYC Live With the Wordless Music Orchestra
1388,Liumin
1389,Doomsday Afternoon
1390,Rides Again
1391,Why Do They Call Me Mr. Happy?
1392,Shock Troops
1393,May God Bless Your Hustle
1394,Defying the Rules
1395,Into the Enchanted Chamber
1396,Never Mind the Bollocks Here&#39;s the Sex Pistols
1397,Blood Sugar Sex Magik
1398,Get to Heaven
1399,American Nervoso
1400,Purple Moonlight Pages
1401,A Distant Thunder
1402,Upon the Throne of Apocalypse
1403,Brown and Roach Incorporated
1404,Handful of Earth
1405,"You Can&#39;t Do That on Stage Anymore, Vol. 4"
1406,Deseo carnal
1407,Dr. Octagon
1408,Floating
1409,Odd Fellows Rest
1410,Call of the Valley
1411,Forever Blue
1412,In Search of Truth
1413,Écailles de lune
1414,Meet the Residents
1415,HAARP
1416,Arcane Rain Fell
1417,Radical
1418,Reloaded
1419,None Shall Defy
1420,Tyranny and Mutation
1421,The Ballasted Orchestra
1422,Somewhere in the Between
1423,Rumor and Sigh
1424,Short Sharp Shocked
1425,Nero a metà
1426,Friendship
1427,Deliverance
1428,"Bells, Boots and Shambles"
1429,Retriever
1430,Ancestors Call
1431,Saint Vitus
1432,Lyburnum Wits End Liberation Fly
1433,This Is Marijata
1434,Into the Everflow
1435,The Satellite Years
1436,Erotic Cakes
1437,Cabretta
1438,"Home, Like Noplace Is There"
1439,The Geese &amp; the Ghost
1440,Monkey Barz
1441,Have Moicy!
1442,"Emerson, Lake &amp; Palmer"
1443,Back Stabbers
1444,Cold Steel... for an Iron Age
1445,Slapp Happy or Slapp Happy
1446,Rocks
1447,Elements
1448,Requiem: Mezzo forte
1449,Fast Stories...From Kid Coma
1450,Slade Alive!
1451,Heralding: The Fireblade
1452,Big Shots
1453,Moving Gelatine Plates
1454,Sea Son
1455,Holiday
1456,Księga Tajemnicza. Prolog
1457,"Words That Go Unspoken, Deeds That Go Undone"
1458,冀西南林路行 (Inside the Cable Temple)
1459,Take a Look Around
1460,Dookie
1461,Only Theatre of Pain
1462,Torture Garden
1463,Black Love
1464,Väre
1465,Saetia
1466,99.9 F°
1467,The Ghost Trade
1468,Dark Quarterer
1469,Future Blues
1470,Hold Me Forever (In Memory of My Mom Nancy York Carroll)
1471,Second Album
1472,Ocean Beach
1473,The Garden of Jane Delawney
1474,Skeleton in Armour
1475,Fever Ray
1476,Dig Your Own Hole
1477,The Book About My Idle Plot on a Vague Anxiety
1478,The Crazy World of Arthur Brown
1479,The Work Which Transforms God
